{
  "metadata": {
    "type": "cross-subject",
    "model_type": "cbramod",
    "paradigm": "imagery",
    "task": "binary",
    "subjects": [
      "S01",
      "S02",
      "S03",
      "S04",
      "S05",
      "S06",
      "S07",
      "S08",
      "S09",
      "S10",
      "S11",
      "S12",
      "S13",
      "S14",
      "S15",
      "S16",
      "S17",
      "S18",
      "S19",
      "S20",
      "S21"
    ],
    "n_subjects": 21,
    "run_tag": "20260205_1944",
    "timestamp": "2026-02-05T20:43:48.114308"
  },
  "results": {
    "per_subject_test_acc": {
      "S01": 0.8625,
      "S02": 0.9625,
      "S03": 0.975,
      "S04": 0.9625,
      "S05": 0.9125,
      "S06": 0.8625,
      "S07": 0.88125,
      "S08": 0.96875,
      "S09": 0.99375,
      "S10": 0.65,
      "S11": 0.93125,
      "S12": 0.9125,
      "S13": 0.93125,
      "S14": 0.8625,
      "S15": 0.96875,
      "S16": 0.9,
      "S17": 0.85625,
      "S18": 0.9375,
      "S19": 0.9875,
      "S20": 0.6,
      "S21": 0.83125
    },
    "mean_test_acc": 0.8928571428571429,
    "std_test_acc": 0.09895822144641009,
    "best_val_acc": 0.6587865537031976,
    "best_epoch": 11
  },
  "training_info": {
    "training_time": 3545.515050799997,
    "model_path": "checkpoints\\cross_subject\\20260205_1944_cbramod_imagery_binary\\best.pt"
  }
}