{
  "metadata": {
    "type": "cross-subject",
    "model_type": "cbramod",
    "paradigm": "imagery",
    "task": "ternary",
    "subjects": [
      "S01",
      "S02",
      "S03",
      "S04",
      "S05",
      "S06",
      "S07",
      "S08",
      "S09",
      "S10",
      "S11",
      "S12",
      "S13",
      "S14",
      "S15",
      "S16",
      "S17",
      "S18",
      "S19",
      "S20",
      "S21"
    ],
    "n_subjects": 21,
    "run_tag": "20260207_2056",
    "timestamp": "2026-02-07T22:18:13.873936"
  },
  "results": {
    "per_subject_test_acc": {
      "S01": 0.7083333333333334,
      "S02": 0.8916666666666667,
      "S03": 0.9208333333333333,
      "S04": 0.8916666666666667,
      "S05": 0.6541666666666667,
      "S06": 0.8083333333333333,
      "S07": 0.725,
      "S08": 0.8541666666666666,
      "S09": 0.8958333333333334,
      "S10": 0.5625,
      "S11": 0.775,
      "S12": 0.6125,
      "S13": 0.7666666666666667,
      "S14": 0.8166666666666667,
      "S15": 0.7541666666666667,
      "S16": 0.7125,
      "S17": 0.8083333333333333,
      "S18": 0.7125,
      "S19": 0.9375,
      "S20": 0.4375,
      "S21": 0.5916666666666667
    },
    "mean_test_acc": 0.7541666666666668,
    "std_test_acc": 0.12715730998051777,
    "best_val_acc": 0.477134735645253,
    "best_epoch": 26
  },
  "training_info": {
    "training_time": 4878.7814579,
    "model_path": "checkpoints\\cross_subject\\20260207_2056_cbramod_imagery_ternary\\best.pt"
  }
}