{
  "metadata": {
    "type": "cross-subject",
    "model_type": "cbramod",
    "paradigm": "imagery",
    "task": "binary",
    "subjects": [
      "S01",
      "S02",
      "S03",
      "S04",
      "S05",
      "S06",
      "S07",
      "S08",
      "S09",
      "S10",
      "S11",
      "S12",
      "S13",
      "S14",
      "S15",
      "S16",
      "S17",
      "S18",
      "S19",
      "S20",
      "S21"
    ],
    "n_subjects": 21,
    "run_tag": "20260206_1029",
    "timestamp": "2026-02-06T11:54:05.435036"
  },
  "results": {
    "per_subject_test_acc": {
      "S01": 0.875,
      "S02": 0.9625,
      "S03": 0.9875,
      "S04": 0.98125,
      "S05": 0.93125,
      "S06": 0.8625,
      "S07": 0.9,
      "S08": 0.975,
      "S09": 0.9875,
      "S10": 0.6625,
      "S11": 0.9375,
      "S12": 0.8875,
      "S13": 0.9125,
      "S14": 0.88125,
      "S15": 0.94375,
      "S16": 0.925,
      "S17": 0.90625,
      "S18": 0.95,
      "S19": 0.99375,
      "S20": 0.66875,
      "S21": 0.825
    },
    "mean_test_acc": 0.9026785714285713,
    "std_test_acc": 0.08884115516099585,
    "best_val_acc": 0.6604263459961738,
    "best_epoch": 52
  },
  "training_info": {
    "training_time": 5094.711196799999,
    "model_path": "checkpoints\\cross_subject\\20260206_1029_cbramod_imagery_binary\\best.pt"
  }
}